Cluster,Laws_Based_Sharia,Religious_Self_Description,Trust_Religious_Leaders,Trust_Islamist_Party,Men_Better_Political_Leadership,Violence_Against_Women_Change,Income_Covers_Expenses,Future_Economic_Situation,Rich_Poor_Gap_Problem,Internet_Usage_Frequency,Social_Media_Hours_Daily,Trust_Government,Democracy_Preference,Freedom_Express_Opinion,Corruption_State_Agencies,Thought_Emigrating,Age,Gender,Education_Level,Settlement_Type,Marital_Status,Employment_Status
0,2.368129885748647,1.4686710763680095,1.9598316295850873,2.590619362597715,1.9799158147925435,2.4432952495490077,2.392663860493085,2.5209861695730607,2.337943475646422,2.5396271797955503,2.7879735417919425,2.309801563439567,2.242693926638605,2.0502705953096814,2.03126879134095,1.8266987372218881,38.382321106434155,1.4992182802164762,3.986169573060734,1.4075766686710764,3.3824413710162355,3.224774503908599
1,3.056480605487228,1.964143803216651,3.224314096499527,3.719678334910123,2.422894985808893,1.8320719016083256,2.6242194891201516,3.4980132450331127,1.7448438978240304,1.3469252601702932,3.2535477767265846,3.539072847682119,2.3232734153263954,3.0131504257332073,1.2274361400189215,1.5066225165562914,34.47048249763481,1.4498580889309367,4.573888363292337,1.2821192052980133,2.857805108798486,3.3506149479659415
2,2.6828999862429495,1.451093685513826,2.6496079240610815,3.461686614389875,2.2480396203054065,1.847984592103453,3.2102077314623743,2.8233594717292614,1.6121887467327005,4.389874810840555,2.100013757050488,3.0544779199339662,2.380244875498693,2.7269225478057506,1.3382858715091484,1.8453707525106617,44.20401705874261,1.5545467051864081,3.2096574494428394,1.458247351767781,3.904250928600908,3.5625257944696656
